variant_and_allele,p_value,trait,gene,location,af
rs9834970-<b>T</b>,1.0000000000000001e-21,bipolar i disorder,LINC02033,3:36814539,0.5017460389214113
rs9834970-<b>T</b>,1.0000000000000001e-21,bipolar i disorder,HSPD1P6,3:36814539,0.5017460389214113
rs68188794-<b>T</b>,2.0000000000000002e-21,bipolar disorder,UNKNOWN,Mapping not available,0.9314675839066084
rs34706883-<b>?</b>,7e-20,bipolar disorder,H2BC15,6:27837477,-1.0
rs34706883-<b>?</b>,7e-20,bipolar disorder,H4C12,6:27837477,-1.0
rs144447022-<b>?</b>,7e-20,bipolar disorder,OR14J1,6:29276442,-1.0
rs144447022-<b>?</b>,7e-20,bipolar disorder,OR2U2P,6:29276442,-1.0
rs68188794-<b>?</b>,2e-19,bipolar disorder,UNKNOWN,Mapping not available,-1.0
rs75782365-<b>?</b>,3e-18,bipolar disorder,BTN3A1,6:26408323,-1.0
rs4298967-<b>?</b>,5.0000000000000005e-17,bipolar disorder,UNKNOWN,Mapping not available,-1.0
rs55834529-<b>?</b>,6e-17,bipolar disorder,UNKNOWN,Mapping not available,-1.0
rs4298967-<b>A</b>,1e-16,bipolar disorder,UNKNOWN,Mapping not available,0.3208049790521396
rs11062170-<b>G</b>,2e-16,bipolar i disorder,CACNA1C,12:2239678,0.6950238221281101
rs9834970-<b>?</b>,3e-16,bipolar disorder,LINC02033,3:36814539,-1.0
rs9834970-<b>?</b>,3e-16,bipolar disorder,HSPD1P6,3:36814539,-1.0
rs1487445-<b>C</b>,9.999999999999999e-16,bipolar disorder,EIF4EBP2P3,6:98117335,0.5639898629920013
rs1487445-<b>C</b>,9.999999999999999e-16,bipolar disorder,MIR2113,6:98117335,0.5639898629920013
rs13195402-<b>G</b>,6.0000000000000005e-15,bipolar disorder,BTN2A1,6:26463347,0.9732556309850292
rs12154473-<b>A</b>,9.000000000000001e-15,bipolar i disorder,MAD1L1,7:1942546,0.4846093133385951
rs9834970-<b>C</b>,4e-14,bipolar i disorder,LINC02033,3:36814539,0.4982539610785887
rs9834970-<b>C</b>,4e-14,bipolar i disorder,HSPD1P6,3:36814539,0.4982539610785887
rs4481150-<b>T</b>,5e-14,bipolar disorder,ITIH3,3:52803777,0.5096970936610945
rs12241517-<b>?</b>,6e-14,bipolar disorder,UNKNOWN,Mapping not available,-1.0
rs113779084-<b>G</b>,1e-13,bipolar disorder,THSD7A,7:11832161,0.7300688194812069
rs174592-<b>A</b>,1e-13,bipolar disorder,FADS2,11:61851136,0.605993603664074
rs2710323-<b>?</b>,3.0000000000000003e-13,bipolar disorder,UNKNOWN,Mapping not available,-1.0
rs2336147-<b>T</b>,4e-13,bipolar disorder,PBRM1,3:52592427,0.4840127051349921
rs11191582-<b>A</b>,9.000000000000001e-13,bipolar disorder,NT5C2,10:103153896,0.0827621483375959
rs72799190-<b>?</b>,1e-12,bipolar disorder,LINC01470,5:152807563,-1.0
rs12202969-<b>G</b>,1e-12,bipolar i disorder,EIF4EBP2P3,6:98128347,0.5792482795129699
rs7098825-<b>?</b>,1e-12,bipolar disorder,U6,10:102868477,-1.0
rs7098825-<b>?</b>,1e-12,bipolar disorder,BORCS7-ASMT,10:102868477,-1.0
rs71395455-<b>A</b>,2e-12,bipolar disorder,UNKNOWN,Mapping not available,0.8689265536723164
rs71395455-<b>?</b>,2e-12,bipolar disorder,UNKNOWN,Mapping not available,-1.0
rs35050608-<b>?</b>,2.9999999999999997e-12,bipolar disorder,UNKNOWN,Mapping not available,-1.0
rs12906474-<b>?</b>,5.0000000000000005e-12,bipolar disorder,UBE2Q2P1,15:84566006,-1.0
rs4236274-<b>G</b>,8e-12,bipolar disorder,MAD1L1,7:1856777,0.4205399682371625
rs10994415-<b>T</b>,1.0000000000000001e-11,bipolar disorder,ANK3,10:60562276,0.8670314336075206
rs12887734-<b>T</b>,2.0000000000000002e-11,bipolar disorder,KLC1,14:103580497,0.27297755188479456
rs12887734-<b>T</b>,2.0000000000000002e-11,bipolar disorder,COA8,14:103580497,0.27297755188479456
rs237475-<b>T</b>,2.0000000000000002e-11,bipolar i disorder,KCNB1,20:49432969,0.4940464286263711
rs2273738-<b>C</b>,2.0000000000000002e-11,bipolar disorder,XPNPEP1,10:109888901,0.9195471596998928
rs769950-<b>?</b>,3e-11,bipolar disorder,FTCDNL1,2:199865305,-1.0
rs769950-<b>?</b>,3e-11,bipolar disorder,RN7SL717P,2:199865305,-1.0
rs10866641-<b>T</b>,3e-11,bipolar disorder,DOCK2,5:169862202,0.5778721085219402
rs10866641-<b>T</b>,3e-11,bipolar disorder,INSYN2B,5:169862202,0.5778721085219402
rs9926049-<b>A</b>,3e-11,bipolar disorder,GRIN2A,16:9846103,0.3420857596611964
rs62489493-<b>C</b>,3e-11,bipolar disorder,MIR124-1HG,8:9906071,0.9333292668049288
rs78676616-<b>?</b>,4.0000000000000004e-11,bipolar disorder,RN7SL480P,1:150171103,-1.0
rs78676616-<b>?</b>,4.0000000000000004e-11,bipolar disorder,PLEKHO1,1:150171103,-1.0
rs67712855-<b>T</b>,4.0000000000000004e-11,bipolar disorder,STK4,20:45053910,0.7183396865734858
rs4702-<b>?</b>,5e-11,bipolar disorder,FURIN,15:90883330,-1.0
rs58120505-<b>?</b>,5e-11,bipolar disorder,UNKNOWN,Mapping not available,-1.0
rs4619651-<b>G</b>,5e-11,bipolar disorder,CNNM4,2:96750416,0.7096876654314452
rs4619651-<b>G</b>,5e-11,bipolar disorder,LMAN2L,2:96750416,0.7096876654314452
rs748455-<b>T</b>,5e-11,bipolar disorder,ZSCAN2,15:84606344,0.755214399152991
rs12575685-<b>G</b>,5e-11,bipolar i disorder,SHANK2,11:70671822,0.7158042069903223
rs2439202-<b>?</b>,6e-11,bipolar disorder,UNKNOWN,2:193513924,-1.0
rs2302417-<b>A</b>,6e-11,bipolar disorder,ITIH1,3:52780240,0.4641831701391445
rs78308718-<b>T</b>,6.999999999999999e-11,bipolar i disorder,ADCY2,5:7533872,0.7942826892535734
rs2302417-<b>T</b>,6.999999999999999e-11,bipolar disorder,ITIH1,3:52780240,0.5358168298608554
rs10994415-<b>C</b>,6.999999999999999e-11,bipolar disorder,ANK3,10:60562276,0.13296856639247945
rs80256351-<b>?</b>,9.000000000000001e-11,bipolar disorder,ACTG1P22,2:57844458,-1.0
rs80256351-<b>?</b>,9.000000000000001e-11,bipolar disorder,VRK2,2:57844458,-1.0
rs11647445-<b>T</b>,9.000000000000001e-11,bipolar disorder,GRIN2A,16:9833109,0.6463404327248141
rs4380187-<b>A</b>,1e-10,bipolar disorder,UNKNOWN,Mapping not available,0.5506331390747535
rs4906338-<b>?</b>,1e-10,bipolar disorder,UNKNOWN,Mapping not available,-1.0
rs80012185-<b>?</b>,1e-10,bipolar disorder,UNKNOWN,Mapping not available,-1.0
rs4702-<b>A</b>,1e-10,bipolar disorder,FURIN,15:90883330,0.5620721222735233
rs11647445-<b>G</b>,1e-10,bipolar disorder,GRIN2A,16:9833109,0.35365956727518594
rs174576-<b>A</b>,1e-10,bipolar disorder,FADS2,11:61836038,0.3413218970736629
rs80256351-<b>A</b>,1e-10,bipolar disorder,ACTG1P22,2:57844458,0.013918872855357345
rs80256351-<b>A</b>,1e-10,bipolar disorder,VRK2,2:57844458,0.013918872855357345
rs72692857-<b>?</b>,1e-10,bipolar disorder,UNKNOWN,Mapping not available,-1.0
rs11137399-<b>T</b>,1e-10,bipolar i disorder,TUBBP5,9:138174172,0.6680254102699841
rs6993953-<b>C</b>,1e-10,bipolar i disorder,PLEC,8:143926153,0.6577554261514028
rs722637-<b>?</b>,1e-10,bipolar disorder,PPP1R13B,14:103795386,-1.0
rs489337-<b>A</b>,2e-10,bipolar i disorder,PACS1,11:66087090,0.3028695846359982
rs2514218-<b>T</b>,2e-10,bipolar disorder,DRD2,11:113522272,0.3516696419922226
rs61074241-<b>C</b>,2e-10,bipolar i disorder,ZNF592,15:84790165,0.7825242718446602
rs2339519-<b>?</b>,2e-10,bipolar disorder,LINC01830,2:22381268,-1.0
rs80195870-<b>?</b>,2e-10,bipolar disorder,GSDME,7:24734849,-1.0
rs2949006-<b>?</b>,2e-10,bipolar disorder,UNKNOWN,Mapping not available,-1.0
rs4380187-<b>?</b>,2e-10,bipolar disorder,UNKNOWN,Mapping not available,-1.0
rs7191999-<b>?</b>,2e-10,bipolar disorder,UNKNOWN,Mapping not available,-1.0
rs116052126-<b>A</b>,2e-10,bipolar disorder,GSDME,7:24735895,0.07866649097377784
rs2271893-<b>G</b>,2e-10,bipolar disorder,LMAN2L,2:96739703,0.7134411217147745
rs1367858-<b>T</b>,3e-10,bipolar disorder,SPATS2L,2:200296048,0.31916357861302275
rs56361249-<b>?</b>,3e-10,bipolar disorder,LMAN2L,2:96714492,-1.0
rs28455634-<b>G</b>,3e-10,bipolar disorder,C16orf72,16:9136959,0.5631357984821572
rs28455634-<b>G</b>,3e-10,bipolar disorder,RPL21P119,16:9136959,0.5631357984821572
rs228768-<b>G</b>,3e-10,bipolar disorder,HDAC5,17:44114525,0.40709860268916426
rs7618915-<b>G</b>,3e-10,bipolar disorder,TWF2,3:52245578,0.6664956735515593
rs72692857-<b>T</b>,4e-10,bipolar disorder,UNKNOWN,Mapping not available,0.8633668607728957
rs10744560-<b>T</b>,4e-10,bipolar disorder,CACNA1C,12:2277933,0.3375225063017645
rs10744560-<b>T</b>,4e-10,bipolar disorder,CACNA1C-IT3,12:2277933,0.3375225063017645
rs4948418-<b>T</b>,4e-10,bipolar disorder,ANK3,10:60425736,0.07232371990712452
rs1197546-<b>A</b>,4e-10,bipolar i disorder,STARD9,15:42610048,0.18496559025939646
rs4619651-<b>A</b>,5e-10,bipolar disorder,CNNM4,2:96750416,0.2903123345685548
rs4619651-<b>A</b>,5e-10,bipolar disorder,LMAN2L,2:96750416,0.2903123345685548
rs111444407-<b>T</b>,5e-10,bipolar disorder,NCAN,19:19247398,0.19814716781365802
rs35346733-<b>?</b>,5e-10,bipolar disorder,CNTN4,3:2479638,-1.0
rs4926298-<b>G</b>,6e-10,bipolar disorder,NFIX,19:13042221,0.6185671749103214
chr7_140700006_I-<b>?</b>,6e-10,bipolar disorder,UNKNOWN,7:140700006,-1.0
rs6954854-<b>G</b>,6e-10,bipolar disorder,SP4,7:21452971,0.4665960825833774
rs884303-<b>A</b>,6e-10,bipolar disorder,HLF,17:55289939,0.589869966442953
rs6434928-<b>?</b>,8e-10,bipolar disorder,RNU6-1029P,2:197439853,-1.0
rs6434928-<b>?</b>,8e-10,bipolar disorder,SF3B1,2:197439853,-1.0
rs10917509-<b>T</b>,8e-10,bipolar i disorder,HTR6,1:19665573,0.4398284416785804
chr2_194465711_D-<b>?</b>,8e-10,bipolar disorder,UNKNOWN,2:194465711,-1.0
rs111444407-<b>?</b>,9e-10,bipolar disorder,NCAN,19:19247398,-1.0
chr2:194465711-<b>?</b>,9e-10,bipolar disorder,UNKNOWN,2:194465711,-1.0
rs55706012-<b>A</b>,1e-09,bipolar i disorder,H2BC9,6:26266083,0.9319811413417152
rs55706012-<b>A</b>,1e-09,bipolar i disorder,H3C8,6:26266083,0.9319811413417152
rs6495988-<b>C</b>,1e-09,bipolar i disorder,LINC02694,15:38677344,0.8171983356449376
rs10946817-<b>?</b>,1e-09,bipolar disorder,BTN3A2,6:26363828,-1.0
rs10946817-<b>?</b>,1e-09,bipolar disorder,H3C9P,6:26363828,-1.0
rs11682175-<b>?</b>,1e-09,bipolar disorder,ACTG1P22,2:57760458,-1.0
rs12691307-<b>?</b>,1e-09,bipolar disorder,TMEM219,16:29928556,-1.0
rs12691307-<b>?</b>,1e-09,bipolar disorder,KCTD13,16:29928556,-1.0
rs11167136-<b>?</b>,1e-09,bipolar disorder,TSNARE1,8:142229454,-1.0
rs6032110-<b>A</b>,1e-09,bipolar disorder,RBPJL,20:45315683,0.510284139100933
rs4762557-<b>?</b>,1e-09,bipolar disorder,UNKNOWN,Mapping not available,-1.0
rs12226877-<b>A</b>,1e-09,bipolar disorder,FADS1,11:61824435,-1.0
rs12226877-<b>A</b>,1e-09,bipolar disorder,FADS2,11:61824435,-1.0
rs73188321-<b>C</b>,1e-09,bipolar disorder,SRPK2,7:105407711,0.650926416093171
rs73188321-<b>C</b>,1e-09,bipolar disorder,PUS7,7:105407711,0.650926416093171
rs6079469-<b>A</b>,1e-09,bipolar disorder,MACROD2,20:14520495,0.1934435261707989
rs12704290-<b>?</b>,1e-09,bipolar disorder,GRM3-AS1,7:86798310,-1.0
rs12704290-<b>?</b>,1e-09,bipolar disorder,GRM3,7:86798310,-1.0
rs60730-<b>?</b>,1e-09,bipolar disorder,SNAP91,6:83663339,-1.0
rs6073621-<b>A</b>,1e-09,bipolar i disorder,STK4,20:45066802,0.8175418837111079
rs10043984-<b>C</b>,1e-09,bipolar i disorder,KDM3B,5:138376432,0.7453632991490291
rs4619651-<b>?</b>,1e-09,bipolar disorder,CNNM4,2:96750416,-1.0
rs4619651-<b>?</b>,1e-09,bipolar disorder,LMAN2L,2:96750416,-1.0
rs10994299-<b>?</b>,1e-09,bipolar disorder,ANK3,10:60316870,-1.0
rs12290811-<b>A</b>,1e-09,bipolar disorder,TENM4,11:79372576,0.14632234209356204
rs2011503-<b>?</b>,2e-09,bipolar disorder,UNKNOWN,Mapping not available,-1.0
rs2339519-<b>A</b>,2e-09,bipolar disorder,LINC01830,2:22381268,0.4594914718888187
rs4332037-<b>T</b>,2e-09,bipolar disorder,MAD1L1,7:1911173,0.1907431261231176
rs12668848-<b>G</b>,2e-09,bipolar disorder,MAD1L1,7:1981360,0.7658227848101266
rs13003404-<b>?</b>,2e-09,bipolar disorder,UNKNOWN,Mapping not available,-1.0
chr10:111745562-<b>?</b>,2e-09,bipolar disorder,UNKNOWN,1:111745562,-1.0
rs6746896-<b>?</b>,2e-09,bipolar disorder,UNKNOWN,Mapping not available,-1.0
rs17183814-<b>G</b>,2e-09,bipolar disorder,SCN2A,2:165295879,0.929591712283068
rs3804640-<b>A</b>,2e-09,bipolar disorder,CD47,3:108074862,0.6020850631977119
rs475805-<b>G</b>,2e-09,bipolar disorder,PACS1,11:66081267,0.30167410714285714
rs17183814-<b>A</b>,2e-09,bipolar disorder,SCN2A,2:165295879,0.07040828771693201
rs112481526-<b>A</b>,2e-09,bipolar disorder,KIAA1109,4:122154852,0.7566966649020646
rs28565152-<b>G</b>,2e-09,bipolar disorder,ADCY2,5:7542798,0.7773425092641609
rs6434928-<b>A</b>,2e-09,bipolar disorder,RNU6-1029P,2:197439853,0.6667041366906474
rs6434928-<b>A</b>,2e-09,bipolar disorder,SF3B1,2:197439853,0.6667041366906474
rs2880986-<b>?</b>,2e-09,bipolar disorder,UNKNOWN,Mapping not available,-1.0
rs10455979-<b>C</b>,2e-09,bipolar i disorder,RPS6KA2,6:166581772,0.7767216642754663
rs9831123-<b>C</b>,2e-09,bipolar i disorder,CADM2,3:85002999,0.5066701958708312
rs13236223-<b>?</b>,2e-09,bipolar disorder,BRAF,7:140967165,-1.0
rs13236223-<b>?</b>,2e-09,bipolar disorder,CCT4P1,7:140967165,-1.0
rs7614498-<b>A</b>,2e-09,bipolar i disorder,PBRM1,3:52584925,0.7067549916029109
rs138321-<b>A</b>,2e-09,bipolar disorder,SLC25A17,22:40813300,0.5140815246161989
rs1064395-<b>A</b>,2e-09,bipolar disorder,NCAN,19:19250926,0.17690677368987695
rs11647445-<b>?</b>,2e-09,bipolar disorder,GRIN2A,16:9833109,-1.0
rs11191356-<b>A</b>,2e-09,bipolar disorder,SUFU,10:102633732,0.8781766200762389
rs11191356-<b>A</b>,2e-09,bipolar disorder,TRIM8,10:102633732,0.8781766200762389
rs6992333-<b>A</b>,2e-09,bipolar disorder,PLEC,8:143919209,0.5917846522568905
rs4284148-<b>?</b>,2e-09,bipolar disorder,UNKNOWN,Mapping not available,-1.0
rs59979824-<b>?</b>,2e-09,bipolar disorder,UNKNOWN,2:192983614,-1.0
rs2126180-<b>G</b>,2e-09,bipolar disorder,LINC01748,1:60639996,0.7188397472716829
rs3814883-<b>T</b>,2e-09,bipolar disorder,TAOK2,16:29983601,0.44543650793650796
rs11764361-<b>A</b>,3.0000000000000004e-09,bipolar disorder,PUS7,7:105402782,0.6622113412294052
rs11764361-<b>A</b>,3.0000000000000004e-09,bipolar disorder,SRPK2,7:105402782,0.6622113412294052
rs12704290-<b>A</b>,3.0000000000000004e-09,bipolar disorder,GRM3-AS1,7:86798310,0.1120169401799894
rs12704290-<b>A</b>,3.0000000000000004e-09,bipolar disorder,GRM3,7:86798310,0.1120169401799894
rs12921204-<b>T</b>,3.0000000000000004e-09,bipolar disorder,C16orf72,16:9133864,0.5689506172839506
rs12921204-<b>T</b>,3.0000000000000004e-09,bipolar disorder,RPL21P119,16:9133864,0.5689506172839506
rs1180221-<b>T</b>,3.0000000000000004e-09,bipolar disorder,ME1,6:83243557,-1.0
rs4765913-<b>?</b>,3.0000000000000004e-09,bipolar disorder,CACNA1C,12:2310730,-1.0
rs62533709-<b>T</b>,3.0000000000000004e-09,bipolar disorder,PAX5,9:37003707,0.12408371401253585
rs11624408-<b>?</b>,3.0000000000000004e-09,bipolar disorder,UNKNOWN,Mapping not available,-1.0
rs113779084-<b>A</b>,3.0000000000000004e-09,bipolar disorder,THSD7A,7:11832161,0.269931180518793
rs61846516-<b>C</b>,3.0000000000000004e-09,bipolar i disorder,ANK3,10:60363680,0.9584755403868032
rs760648-<b>?</b>,3.0000000000000004e-09,bipolar disorder,TCF20,22:42175022,-1.0
rs12576775-<b>G</b>,3.0000000000000004e-09,bipolar disorder,UNKNOWN,Mapping not available,0.16357627566757732
rs2302417-<b>?</b>,3.0000000000000004e-09,bipolar disorder,ITIH1,3:52780240,-1.0
rs12672003-<b>A</b>,3.0000000000000004e-09,bipolar disorder,MPP6,7:24607603,0.8984118581259926
rs12919683-<b>?</b>,3.0000000000000004e-09,bipolar disorder,UNKNOWN,Mapping not available,-1.0
rs7095057-<b>?</b>,3.0000000000000004e-09,bipolar disorder,UNKNOWN,Mapping not available,-1.0
rs4447398-<b>A</b>,3.0000000000000004e-09,bipolar disorder,STARD9,15:42612706,0.16929010736995725
rs8039305-<b>?</b>,3.0000000000000004e-09,bipolar disorder,FURIN,15:90879313,-1.0
rs77071813-<b>?</b>,3.0000000000000004e-09,bipolar disorder,UNKNOWN,Mapping not available,-1.0
rs4672-<b>G</b>,3.0000000000000004e-09,bipolar disorder,FKBP2,11:64242407,0.9276200805487818
rs237460-<b>C</b>,4e-09,bipolar disorder,KCNB1,20:49416590,0.5102170460561144
rs12474906-<b>?</b>,4e-09,bipolar disorder,UNKNOWN,Mapping not available,-1.0
chr2_97376407_I-<b>?</b>,4e-09,bipolar disorder,UNKNOWN,2:97376407,-1.0
rs2388334-<b>G</b>,4e-09,bipolar disorder,EIF4EBP2P3,6:98143746,0.4235574377977766
rs2388334-<b>G</b>,4e-09,bipolar disorder,HLA-DRB5,6:98143746,0.4235574377977766
rs2388334-<b>A</b>,4e-09,bipolar disorder,EIF4EBP2P3,6:98143746,0.5764425622022235
rs2388334-<b>A</b>,4e-09,bipolar disorder,HLA-DRB5,6:98143746,0.5764425622022235
rs11167136-<b>A</b>,4e-09,bipolar disorder,TSNARE1,8:142229454,0.4450014160294534
rs6519227-<b>?</b>,4e-09,bipolar disorder,SLC25A17,22:40723895,-1.0
rs6519227-<b>?</b>,4e-09,bipolar disorder,MCHR1,22:40723895,-1.0
rs35306827-<b>G</b>,4e-09,bipolar disorder,CUL4A,13:113214731,0.7791424033880359
rs56208248-<b>?</b>,4e-09,bipolar disorder,UNKNOWN,Mapping not available,-1.0
rs4702-<b>G</b>,4e-09,bipolar disorder,FURIN,15:90883330,0.4379278777264767
rs12055234-<b>A</b>,4e-09,bipolar disorder,RNU6-334P,5:104702059,0.2641933069603336
rs41335055-<b>T</b>,5e-09,bipolar disorder,ACTG1P22,2:57734094,0.05694053739450965
rs2514218-<b>?</b>,5e-09,bipolar disorder,DRD2,11:113522272,-1.0
rs10745843-<b>A</b>,5e-09,bipolar disorder,ANKS1B,12:99102252,0.5881948120698782
rs35346733-<b>A</b>,5e-09,bipolar disorder,CNTN4,3:2479638,0.07929235077001401
rs1948246-<b>G</b>,5e-09,bipolar disorder,LINC01378,4:117534962,0.4291344123856439
rs113799727-<b>G</b>,5e-09,bipolar disorder,LINC01470,5:152698812,0.8808599167822468
rs12805133-<b>A</b>,5e-09,bipolar disorder,SPTBN2,11:66715794,0.5577626381893795
rs12136984-<b>T</b>,5e-09,bipolar disorder,RN7SKP19,1:73260315,0.5434218406867638
rs12136984-<b>T</b>,5e-09,bipolar disorder,LINC01360,1:73260315,0.5434218406867638
rs678397-<b>T</b>,5e-09,bipolar disorder,ACTN3,11:66557112,0.4403335235558937
rs215011-<b>?</b>,5e-09,bipolar disorder,CMAHP,6:25384133,-1.0
rs215011-<b>?</b>,5e-09,bipolar disorder,CARMIL1,6:25384133,-1.0
rs2314398-<b>C</b>,5e-09,bipolar i disorder,CNNM4,2:96747751,0.7025963622655734
rs2314398-<b>C</b>,5e-09,bipolar i disorder,LMAN2L,2:96747751,0.7025963622655734
rs2517959-<b>T</b>,5e-09,bipolar disorder,ERBB2,17:39690259,0.641036717062635
rs2517959-<b>T</b>,5e-09,bipolar disorder,PGAP3,17:39690259,0.641036717062635
rs7122539-<b>G</b>,5e-09,bipolar i disorder,PC,11:66895260,0.6501099481585219
rs112219496-<b>G</b>,5e-09,bipolar i disorder,NCAN,19:19247277,0.8019057702488089
rs28456-<b>G</b>,6.000000000000001e-09,bipolar disorder,FADS1,11:61822009,0.20546456570674526
rs28456-<b>G</b>,6.000000000000001e-09,bipolar disorder,FADS2,11:61822009,0.20546456570674526
rs111294930-<b>A</b>,6.000000000000001e-09,bipolar disorder,LINC01470,5:152797561,0.7604552673372155
rs4762559-<b>?</b>,6.000000000000001e-09,bipolar disorder,ANKS1B,12:99104862,-1.0
rs6130764-<b>T</b>,6.000000000000001e-09,bipolar disorder,WFDC12,20:45121769,0.5938334445927904
rs6130764-<b>T</b>,6.000000000000001e-09,bipolar disorder,WFDC5,20:45121769,0.5938334445927904
rs6449529-<b>?</b>,6.000000000000001e-09,bipolar disorder,UNKNOWN,Mapping not available,-1.0
rs2238044-<b>A</b>,6.000000000000001e-09,bipolar disorder,CACNA1C,12:2176565,0.3940160309563295
rs12553324-<b>C</b>,6.000000000000001e-09,bipolar disorder,LINC01239,9:23347867,0.7794964620701004
rs12553324-<b>C</b>,6.000000000000001e-09,bipolar disorder,SUMO2P2,9:23347867,0.7794964620701004
rs2953928-<b>G</b>,6.000000000000001e-09,bipolar disorder,RPL10AP3,8:34294974,0.9444866198519644
rs2953928-<b>G</b>,6.000000000000001e-09,bipolar disorder,VENTXP5,8:34294974,0.9444866198519644
rs10950456-<b>A</b>,6.000000000000001e-09,bipolar i disorder,MAD1L1,7:1940114,0.5870472861442858
rs103197-<b>?</b>,7.0000000000000015e-09,bipolar disorder,UNKNOWN,Mapping not available,-1.0
rs740417-<b>?</b>,7.0000000000000015e-09,bipolar disorder,CACNA1C,12:2390683,-1.0
rs75836205-<b>?</b>,7.0000000000000015e-09,bipolar disorder,UNKNOWN,Mapping not available,-1.0
rs11744542-<b>G</b>,7.0000000000000015e-09,bipolar i disorder,Y_RNA,5:79552534,0.7238236424531928
rs12932628-<b>G</b>,7.0000000000000015e-09,bipolar disorder,RPL13,16:89566317,0.5326597682337724
rs12932628-<b>G</b>,7.0000000000000015e-09,bipolar disorder,CPNE7,16:89566317,0.5326597682337724
rs4685-<b>?</b>,7.0000000000000015e-09,bipolar disorder,SF3B1,2:197393071,-1.0
chr5_7587236_D-<b>?</b>,7.0000000000000015e-09,bipolar i disorder,UNKNOWN,5:7587236,-1.0
rs10994318-<b>C</b>,7.0000000000000015e-09,bipolar disorder,ANK3,10:60366098,0.07623080995235575
rs10737496-<b>C</b>,7.0000000000000015e-09,bipolar disorder,RNA5SP63,1:163776152,0.4404923874311629
rs10737496-<b>C</b>,7.0000000000000015e-09,bipolar disorder,U3,1:163776152,0.4404923874311629
rs12902052-<b>A</b>,7.0000000000000015e-09,bipolar disorder,ZSCAN2,15:84582607,0.7703563714902808
rs12902052-<b>A</b>,7.0000000000000015e-09,bipolar disorder,LINC00933,15:84582607,0.7703563714902808
rs12575685-<b>A</b>,8e-09,bipolar disorder,SHANK2,11:70671822,0.2841957930096777
rs10764493-<b>?</b>,8e-09,bipolar disorder,CACNB2,10:18439070,-1.0
rs12474906-<b>A</b>,8e-09,bipolar disorder,UNKNOWN,Mapping not available,0.8576148136063301
rs28681284-<b>T</b>,8e-09,bipolar disorder,CHRNA3,15:78616223,0.2083333333333333
rs10423874-<b>?</b>,8e-09,bipolar disorder,NCAN,19:19248691,-1.0
rs4650608-<b>T</b>,8e-09,bipolar disorder,UNKNOWN,1:78772330,0.6877519328619573
rs420259-<b>?</b>,9.000000000000001e-09,bipolar disorder,PALB2,16:23622705,-1.0
rs10994336-<b>T</b>,9.000000000000001e-09,bipolar disorder,ANK3,10:60420054,0.06773924578358917
rs109944336-<b>?</b>,9.000000000000001e-09,bipolar disorder,ANK3,10:60420054,-1.0
rs7121067-<b>?</b>,9.000000000000001e-09,bipolar disorder,UNKNOWN,Mapping not available,-1.0
rs6887473-<b>G</b>,9.000000000000001e-09,bipolar disorder,SSBP2,5:81665250,0.7555849655902594
rs9283801-<b>?</b>,9.000000000000001e-09,bipolar disorder,UNKNOWN,Mapping not available,-1.0
rs13044225-<b>A</b>,9.000000000000001e-09,bipolar disorder,OSBPL2,20:62290759,0.5636671077782679
rs484201-<b>T</b>,9.000000000000001e-09,bipolar disorder,MACROD1,11:64023459,0.38764551565830463
rs35958438-<b>G</b>,1e-08,bipolar i disorder,LINC02694,15:38681592,0.7901005823186872
rs735931-<b>A</b>,1e-08,bipolar i disorder,ATP2B2,3:10483412,0.4865868598493253
rs6875495-<b>C</b>,1e-08,bipolar i disorder,VTRNA1-3,5:140727646,0.7914769719428268
rs6875495-<b>C</b>,1e-08,bipolar i disorder,PCDHA1,5:140727646,0.7914769719428268
rs9320913-<b>?</b>,1e-08,bipolar disorder,EIF4EBP2P3,6:98136857,-1.0
rs13135092-<b>?</b>,1e-08,bipolar disorder,SLC39A8,4:102276925,-1.0
rs62011709-<b>T</b>,1e-08,bipolar disorder,HOMER2,15:82863022,0.8551310652537646
rs169738-<b>?</b>,1e-08,bipolar disorder,GGNBP1,6:33569769,-1.0
rs2719169-<b>A</b>,1e-08,bipolar disorder,CNTNAP5,2:193579493,0.4168422636965684
rs11557713-<b>A</b>,1e-08,bipolar disorder,ZCCHC2,18:62576643,0.2402717441538035
rs6984358-<b>?</b>,1e-08,bipolar disorder,FGFR1,8:38427063,-1.0
rs7161596-<b>?</b>,1e-08,bipolar disorder,RGS6,14:71975895,-1.0
rs4309187-<b>?</b>,1e-08,bipolar disorder,TMPRSS5,11:113541721,-1.0
rs4309187-<b>?</b>,1e-08,bipolar disorder,DRD2,11:113541721,-1.0
rs7001340-<b>T</b>,1e-08,bipolar disorder,UNKNOWN,Mapping not available,0.8058231868713605
rs9378249-<b>?</b>,1e-08,bipolar disorder,DHFRP2,6:31359924,-1.0
rs9378249-<b>?</b>,1e-08,bipolar disorder,HLA-B,6:31359924,-1.0
rs6694545-<b>?</b>,1e-08,bipolar disorder,UNKNOWN,Mapping not available,-1.0
rs778353-<b>?</b>,1e-08,bipolar disorder,NGEF,2:232923640,-1.0
chr20_43682549_I-<b>?</b>,1e-08,bipolar disorder,UNKNOWN,2:43682549,-1.0
rs11648559-<b>T</b>,1e-08,bipolar disorder,GRIN2A,16:9780842,0.29702371350217777
chr10_111745562_I-<b>?</b>,1e-08,bipolar disorder,UNKNOWN,1:111745562,-1.0
rs1938526-<b>?</b>,1e-08,bipolar disorder,ANK3,10:60540625,-1.0
rs4239639-<b>A</b>,1e-08,bipolar disorder,MAU2,19:19325067,0.8356496104443041
rs4722033-<b>G</b>,1e-08,bipolar i disorder,SP4,7:21460210,0.3525674960296453
rs1054442-<b>A</b>,1e-08,bipolar disorder,DDN,12:48995537,0.6242968184682898
rs17826816-<b>G</b>,1e-08,bipolar disorder,ADCY2,5:7519185,0.2087347803070408
rs55648125-<b>A</b>,1e-08,bipolar disorder,UNKNOWN,Mapping not available,0.9173696145124716
rs12202969-<b>A</b>,1e-08,bipolar disorder,EIF4EBP2P3,6:98128347,0.4207517204870302
rs34771152-<b>?</b>,1e-08,bipolar disorder,UNKNOWN,Mapping not available,-1.0
rs10744560-<b>?</b>,1e-08,bipolar disorder,CACNA1C,12:2277933,-1.0
rs10744560-<b>?</b>,1e-08,bipolar disorder,CACNA1C-IT3,12:2277933,-1.0
rs12563424-<b>T</b>,1e-08,bipolar disorder,UNKNOWN,Mapping not available,0.6695140664961636
rs13236223-<b>T</b>,1e-08,bipolar disorder,BRAF,7:140967165,0.7112452350698857
rs13236223-<b>T</b>,1e-08,bipolar disorder,CCT4P1,7:140967165,0.7112452350698857
rs10129264-<b>T</b>,1e-08,bipolar disorder,BCL11B,14:99237631,0.3645697664322306
rs11887562-<b>A</b>,2e-08,bipolar disorder,LINC01830,2:22400520,0.5218932038834951
rs2693698-<b>A</b>,2e-08,bipolar disorder,BCL11B,14:99252882,0.43991885143570536
rs6550435-<b>G</b>,2e-08,bipolar disorder,TRANK1,3:36822998,0.3669190600522193
rs6550435-<b>G</b>,2e-08,bipolar disorder,LINC02033,3:36822998,0.3669190600522193
rs1012053-<b>A</b>,2e-08,bipolar disorder,DGKH,13:42079301,0.8261581341705645
rs13135092-<b>A</b>,2e-08,bipolar disorder,SLC39A8,4:102276925,0.935627316040233
rs6922815-<b>?</b>,2e-08,bipolar disorder,UNKNOWN,Mapping not available,-1.0
rs10043984-<b>?</b>,2e-08,bipolar disorder,KDM3B,5:138376432,-1.0
rs329319-<b>?</b>,2e-08,bipolar disorder,JADE2,5:134570919,-1.0
rs3803277-<b>C</b>,2e-08,bipolar i disorder,ALOX5AP,13:30744171,0.5497206703910614
rs912983-<b>T</b>,2e-08,bipolar disorder,CACNB2,10:18454538,0.056554524361948966
rs4765913-<b>A</b>,2e-08,bipolar disorder,CACNA1C,12:2310730,0.20687242017364896
rs28379895-<b>T</b>,2e-08,bipolar i disorder,INSYN1-AS1,15:73856091,0.4941768131286395
rs28379895-<b>T</b>,2e-08,bipolar i disorder,TBC1D21,15:73856091,0.4941768131286395
rs7248205-<b>C</b>,2e-08,bipolar i disorder,ILF3,19:10659629,0.3851979126893216
rs2592118-<b>T</b>,2e-08,bipolar disorder,NGEF,2:232927715,0.4322447248436009
rs1023330-<b>?</b>,2e-08,bipolar disorder,TLCD4-RWDD3,1:95121217,-1.0
rs1023330-<b>?</b>,2e-08,bipolar disorder,TLCD4,1:95121217,-1.0
chr6:72519394-<b>?</b>,2e-08,bipolar disorder,UNKNOWN,6:72519394,-1.0
rs489337-<b>G</b>,2e-08,bipolar i disorder,PACS1,11:66087090,0.6971304153640018
rs10459221-<b>?</b>,2e-08,bipolar disorder,RHEBL1,12:49073211,-1.0
rs10459221-<b>?</b>,2e-08,bipolar disorder,DHH,12:49073211,-1.0
rs7001340-<b>?</b>,2e-08,bipolar disorder,UNKNOWN,Mapping not available,-1.0
rs72769124-<b>A</b>,2e-08,bipolar disorder,UNKNOWN,1:239046758,0.07524091919940698
rs10497655-<b>?</b>,2e-08,bipolar disorder,MIR548AE1,2:184597314,-1.0
rs10497655-<b>?</b>,2e-08,bipolar disorder,ZNF804A,2:184597314,-1.0
rs10973201-<b>T</b>,2e-08,bipolar disorder,EBLN3P,9:37090541,0.9055816775367814
rs6079463-<b>?</b>,2e-08,bipolar disorder,MACROD2,20:14495111,-1.0
rs9863544-<b>T</b>,2e-08,bipolar disorder,NPHP3-AS1,3:132893820,0.4342380620204198
rs6865469-<b>G</b>,2e-08,bipolar disorder,Y_RNA,5:79553682,0.7319508150994856
rs1039002-<b>?</b>,2e-08,bipolar disorder,PDE10A,6:165741969,-1.0
rs10255167-<b>G</b>,2e-08,bipolar disorder,BRAF,7:140976353,0.2934517419732605
rs10255167-<b>G</b>,2e-08,bipolar disorder,CCT4P1,7:140976353,0.2934517419732605
rs11742527-<b>G</b>,2e-08,bipolar disorder,DOCK2,5:169916213,0.6232413131528459
rs11742527-<b>G</b>,2e-08,bipolar disorder,INSYN2B,5:169916213,0.6232413131528459
rs8118905-<b>C</b>,2e-08,bipolar disorder,KCNG1,20:50994060,0.26211649622054245
rs8118905-<b>C</b>,2e-08,bipolar disorder,MOCS3,20:50994060,0.26211649622054245
rs112114764-<b>G</b>,2e-08,bipolar disorder,HDAC5,17:44123673,0.5344243792325056
rs11724116-<b>C</b>,2e-08,bipolar disorder,FSTL5,4:161372886,0.8508219342452604
rs10896090-<b>A</b>,2e-08,bipolar disorder,PACS1,11:66177715,0.8177871889888829
rs13006508-<b>?</b>,2e-08,bipolar disorder,UNKNOWN,Mapping not available,-1.0
rs8179328-<b>?</b>,2e-08,bipolar disorder,UNKNOWN,1:163783451,-1.0
rs968369-<b>T</b>,2e-08,bipolar disorder,TENM4,11:79442036,0.1083009708737864
rs7199910-<b>T</b>,2e-08,bipolar disorder,GRIN2A,16:9832491,0.6249338274219164
rs6125656-<b>?</b>,2e-08,bipolar disorder,KCNB1,20:49474242,-1.0
rs5758064-<b>T</b>,2e-08,bipolar disorder,MCHR1,22:40757875,0.5043188643188643
rs5758064-<b>T</b>,2e-08,bipolar disorder,SLC25A17,22:40757875,0.5043188643188643
rs115694474-<b>T</b>,2e-08,bipolar disorder,SAMMSON,3:70439637,0.9295852280556705
rs2239063-<b>?</b>,2e-08,bipolar disorder,UNKNOWN,Mapping not available,-1.0
rs4331993-<b>T</b>,2e-08,bipolar disorder,SYNE1,6:152472437,0.8595581171950049
rs57957974-<b>A</b>,2e-08,bipolar i disorder,PARP10,8:144002361,0.32795129698253045
rs10149407-<b>?</b>,2e-08,bipolar disorder,PRKD1,14:29718199,-1.0
rs3088186-<b>C</b>,2e-08,bipolar disorder,MSRA,8:10368845,0.7034074524535816
rs61554907-<b>G</b>,2e-08,bipolar disorder,THRA,17:40064179,0.8913710958178931
rs2305929-<b>G</b>,2e-08,bipolar i disorder,BABAM2,2:27891044,0.17215640376439115
rs2305929-<b>G</b>,2e-08,bipolar i disorder,MRPL33,2:27891044,0.17215640376439115
rs13417268-<b>C</b>,2e-08,bipolar disorder,CERS6,2:168625327,0.8654285279342365
rs1487441-<b>G</b>,3.0000000000000004e-08,bipolar disorder,MIR2113,6:98106018,0.5743250397035469
rs1487441-<b>G</b>,3.0000000000000004e-08,bipolar disorder,EIF4EBP2P3,6:98106018,0.5743250397035469
rs994280-<b>A</b>,3.0000000000000004e-08,bipolar disorder,SPATS2L,2:200375363,0.6952718912435026
rs1440518-<b>A</b>,3.0000000000000004e-08,bipolar disorder,RBMS3,3:29707867,0.5385433019361591
rs10035291-<b>T</b>,3.0000000000000004e-08,bipolar disorder,SSBP2,5:81500549,0.5922710428798306
rs7720655-<b>T</b>,3.0000000000000004e-08,bipolar ii disorder,SLIT3,5:169039564,0.8116677581314123
rs12289486-<b>C</b>,3.0000000000000004e-08,bipolar disorder,TENM4,11:79381483,0.9136700521548174
rs7013693-<b>G</b>,3.0000000000000004e-08,bipolar i disorder,MSRA,8:10023626,0.8461698801459093
rs11870683-<b>T</b>,3.0000000000000004e-08,bipolar disorder,GSDMA,17:39973588,0.6996841646700065
rs2727943-<b>?</b>,3.0000000000000004e-08,bipolar disorder,RPL21P17,3:1856289,-1.0
rs4790841-<b>C</b>,3.0000000000000004e-08,bipolar disorder,RPA1,17:1932188,0.8648348157560356
rs4790841-<b>C</b>,3.0000000000000004e-08,bipolar disorder,RTN4RL1,17:1932188,0.8648348157560356
rs4748468-<b>G</b>,3.0000000000000004e-08,bipolar i disorder,CACNB2,10:18453325,0.8943356273160402
rs1700006-<b>?</b>,3.0000000000000004e-08,bipolar disorder,UNKNOWN,Mapping not available,-1.0
rs2068756-<b>?</b>,3.0000000000000004e-08,bipolar disorder,MACROD2,20:14512564,-1.0
rs72830427-<b>?</b>,3.0000000000000004e-08,bipolar disorder,MXI1,10:110175792,-1.0
rs72830427-<b>?</b>,3.0000000000000004e-08,bipolar disorder,SNRPGP12,10:110175792,-1.0
rs12805133-<b>?</b>,3.0000000000000004e-08,bipolar disorder,SPTBN2,11:66715794,-1.0
rs10884920-<b>?</b>,3.0000000000000004e-08,bipolar disorder,ADD3,10:110015049,-1.0
rs55648125-<b>?</b>,3.0000000000000004e-08,bipolar disorder,UNKNOWN,Mapping not available,-1.0
rs7969091-<b>A</b>,3.0000000000000004e-08,bipolar disorder,DHH,12:49070666,0.5835918340831209
rs7969091-<b>A</b>,3.0000000000000004e-08,bipolar disorder,RHEBL1,12:49070666,0.5835918340831209
rs112114764-<b>T</b>,3.0000000000000004e-08,bipolar disorder,HDAC5,17:44123673,0.4655756207674944
rs28681284-<b>?</b>,3.0000000000000004e-08,bipolar disorder,CHRNA3,15:78616223,-1.0
rs112968809-<b>A</b>,3.0000000000000004e-08,bipolar i disorder,CDAN1,15:42738205,0.12231203294189415
rs112968809-<b>A</b>,3.0000000000000004e-08,bipolar i disorder,TTBK2,15:42738205,0.12231203294189415
rs35774874-<b>T</b>,3.0000000000000004e-08,bipolar disorder,SNX19,11:130941461,0.7144408251900108
rs35774874-<b>T</b>,3.0000000000000004e-08,bipolar disorder,RN7SL167P,11:130941461,0.7144408251900108
rs2966424-<b>A</b>,3.0000000000000004e-08,bipolar disorder,UNKNOWN,7:110549887,0.8345078693915903
rs1510606-<b>G</b>,3.0000000000000004e-08,bipolar i disorder,NUTF2P8,2:21308394,0.6397838178192885
rs17156675-<b>T</b>,3.0000000000000004e-08,bipolar disorder,PCLO,7:82793089,0.2842271891686849
chr6_72519394_D-<b>?</b>,3.0000000000000004e-08,bipolar disorder,UNKNOWN,6:72519394,-1.0
rs62581014-<b>C</b>,3.0000000000000004e-08,bipolar disorder,TUBBP5,9:138172038,0.6574599507859188
chr15_85357857_I-<b>?</b>,3.0000000000000004e-08,bipolar disorder,UNKNOWN,1:85357857,-1.0
rs12563424-<b>?</b>,3.0000000000000004e-08,bipolar disorder,UNKNOWN,Mapping not available,-1.0
rs4676412-<b>G</b>,3.0000000000000004e-08,bipolar i disorder,GPR35,2:240614075,0.22568716874152595
rs4676412-<b>G</b>,3.0000000000000004e-08,bipolar i disorder,CAPN10,2:240614075,0.22568716874152595
rs1203233-<b>?</b>,4e-08,bipolar disorder,SYNE1,6:152393471,-1.0
rs1998820-<b>T</b>,4e-08,bipolar disorder,CACNB2,10:18462174,0.8947591318157755
rs10455979-<b>G</b>,4e-08,bipolar disorder,RPS6KA2,6:166581772,0.2232783357245337
rs2011302-<b>T</b>,4e-08,bipolar disorder,PCGEM1,2:192873610,0.5850714663843304
rs2011302-<b>T</b>,4e-08,bipolar disorder,SLC44A3P1,2:192873610,0.5850714663843304
rs1924817-<b>A</b>,4e-08,bipolar i disorder,B3GLCT,13:31269461,0.27114875595553195
rs12315174-<b>G</b>,4e-08,bipolar i disorder,IFT81,12:110148473,0.7932789144492738
rs6946056-<b>A</b>,4e-08,bipolar disorder,PLXNA4,7:132185838,0.4433497536945813
rs696366-<b>C</b>,4e-08,bipolar disorder,LINC00636,3:108038213,0.5872948650079407
rs696366-<b>C</b>,4e-08,bipolar disorder,CD47,3:108038213,0.5872948650079407
rs7499750-<b>A</b>,4e-08,bipolar disorder,UNKNOWN,16:13655408,0.2883826879271071
rs740417-<b>A</b>,4e-08,bipolar disorder,CACNA1C,12:2390683,0.6322273308538573
rs34388051-<b>A</b>,4e-08,bipolar disorder,PLCL1,2:198064359,0.6959466139396935
rs4604142-<b>?</b>,4e-08,bipolar disorder,ZSWIM6,5:61346768,-1.0
rs9350984-<b>T</b>,4e-08,bipolar disorder,SNAP91,6:83570203,0.2813834329632792
rs2966422-<b>?</b>,4e-08,bipolar disorder,UNKNOWN,7:110538893,-1.0
rs2910032-<b>?</b>,4e-08,bipolar disorder,LINC01470,5:153160794,-1.0
rs11127876-<b>?</b>,5e-08,bipolar i disorder,CADM2,3:85075546,-1.0
rs11650008-<b>C</b>,5e-08,bipolar i disorder,PIGW,17:36536882,0.5297458831973719
rs11650008-<b>C</b>,5e-08,bipolar i disorder,MYO19,17:36536882,0.5297458831973719
rs7267348-<b>?</b>,5e-08,bipolar disorder,UNKNOWN,Mapping not available,-1.0
rs2240917-<b>T</b>,5e-08,bipolar i disorder,ITIH4,3:52817121,0.5526733721545791
rs2719164-<b>A</b>,5e-08,bipolar disorder,SEC61GP1,2:193573164,0.5831522215406187
rs2719164-<b>A</b>,5e-08,bipolar disorder,DNAJC17P1,2:193573164,0.5831522215406187
rs7544145-<b>T</b>,5e-08,bipolar disorder,PLEKHO1,1:150166501,0.7789835892006353
rs7544145-<b>T</b>,5e-08,bipolar disorder,RN7SL480P,1:150166501,0.7789835892006353
rs10761661-<b>C</b>,5e-08,bipolar disorder,ALDH7A1P4,10:62765375,0.6223398623610376
rs10761661-<b>C</b>,5e-08,bipolar disorder,ADO,10:62765375,0.6223398623610376
rs1841565-<b>?</b>,5e-08,bipolar disorder,UNKNOWN,Mapping not available,-1.0
rs11624408-<b>A</b>,5e-08,bipolar disorder,UNKNOWN,Mapping not available,0.5959319716263567
rs10875914-<b>G</b>,6.000000000000001e-08,bipolar disorder,KMT2D,12:49028311,0.4014127676560317
rs11231677-<b>G</b>,6.000000000000001e-08,bipolar disorder,MACROD1,11:64017876,0.6138993120700438
rs1850-<b>C</b>,6.000000000000001e-08,bipolar i disorder,KCNG1,20:51003734,0.34828202581926515
rs420259-<b>A</b>,6.000000000000001e-08,bipolar disorder,PALB2,16:23622705,0.7253809795218109
rs12563333-<b>?</b>,6.000000000000001e-08,bipolar disorder,LINC02779,1:220484892,-1.0
rs12563333-<b>?</b>,6.000000000000001e-08,bipolar disorder,PRELID3BP1,1:220484892,-1.0
rs4523096-<b>A</b>,7e-08,bipolar disorder,SYNE1,6:152472277,0.7433321301086913
rs1006737-<b>?</b>,7e-08,bipolar disorder,CACNA1C,12:2236129,-1.0
rs1006737-<b>A</b>,7e-08,bipolar disorder,CACNA1C,12:2236129,0.3195679498724298
rs9295358-<b>A</b>,7e-08,bipolar i disorder,RPS6KA2,6:166646138,0.6924298570672314
rs55648125-<b>G</b>,8e-08,bipolar disorder,UNKNOWN,Mapping not available,0.08263038548752834
rs62535709-<b>T</b>,8e-08,bipolar disorder,ZCCHC7,9:37166192,0.04878178529630812
rs75928006-<b>?</b>,9e-08,bipolar i disorder,RNU6-751P,19:53751134,-1.0
rs75928006-<b>?</b>,9e-08,bipolar i disorder,MIR522,19:53751134,-1.0
rs17150022-<b>C</b>,9e-08,bipolar disorder,GSDME,7:24732158,0.10760160033691303
chr21_26773583_D-<b>?</b>,9e-08,bipolar ii disorder,UNKNOWN,2:26773583,-1.0
rs79143696-<b>C</b>,9e-08,bipolar ii disorder,KRTAP5-11,11:71576909,0.057181425485961127
rs79143696-<b>C</b>,9e-08,bipolar ii disorder,KRTAP5-10,11:71576909,0.057181425485961127
rs6848834-<b>T</b>,1e-07,bipolar i disorder,IL21,4:122588558,0.2532553443353527
rs10896135-<b>G</b>,1e-07,bipolar disorder,C11orf80,11:66783531,0.7592443019763245
rs1171113-<b>C</b>,1e-07,bipolar disorder,PRSS35,6:83516876,0.2635093486747483
rs10106565-<b>?</b>,1e-07,bipolar i disorder,ERI1,8:8997522,-1.0
rs10106565-<b>?</b>,1e-07,bipolar i disorder,RPL10P19,8:8997522,-1.0
rs4794820-<b>G</b>,1e-07,bipolar i disorder,LRRC3C,17:39933091,0.552178256789077
rs329674-<b>A</b>,1e-07,bipolar disorder,IGSF9B,11:133907053,0.2260467227023401
rs17418283-<b>C</b>,1e-07,bipolar disorder,MCTP1,5:94818883,0.2845789497654507
rs2635253-<b>T</b>,1e-07,bipolar disorder,LINC01378,4:117551578,0.4992059290629962
rs9371601-<b>T</b>,1e-07,bipolar disorder,SYNE1,6:152469438,0.374805308909863
rs74446114-<b>C</b>,1e-07,bipolar disorder,MRPL33,2:27843255,0.1807491726005416
rs74446114-<b>C</b>,1e-07,bipolar disorder,RBKS,2:27843255,0.1807491726005416
rs72745470-<b>G</b>,1e-07,bipolar disorder,IQCH,15:67361344,0.2796188459502382
rs72745470-<b>G</b>,1e-07,bipolar disorder,IQCH-AS1,15:67361344,0.2796188459502382
rs1042779-<b>A</b>,2e-07,bipolar disorder,ITIH1,3:52786995,0.6107463393236365
rs57681866-<b>G</b>,2e-07,bipolar i disorder,ACTG1P22,2:57748579,0.9399152991000528
rs960145-<b>A</b>,2e-07,bipolar i disorder,RPS6KA2,6:166583503,0.5082308063816376
rs10147900-<b>T</b>,2e-07,bipolar i disorder,LINC02280,14:104625694,0.16438946331856227
rs10147900-<b>T</b>,2e-07,bipolar i disorder,TMEM179,14:104625694,0.16438946331856227
rs10092482-<b>T</b>,2e-07,bipolar i disorder,RRS1-AS1,8:66342488,0.1920881313792201
"rs12568010-<b>A</b>, rs1125777-<b>C</b>",2e-07,bipolar disorder,NFIA; No mapped genes,1:61366266,0.9220955221965614
rs2052387-<b>A</b>,2e-07,bipolar i disorder,RPSAP12,12:68483007,0.33153153153153153
rs2052387-<b>A</b>,2e-07,bipolar i disorder,LINC02384,12:68483007,0.33153153153153153
rs2463709-<b>T</b>,2e-07,bipolar disorder,RIMS1,6:72155201,0.4202092871157619
rs4301023-<b>T</b>,2e-07,bipolar disorder,UNKNOWN,Mapping not available,0.4900587559937867
rs884301-<b>T</b>,2e-07,bipolar disorder,HLF,17:55290103,0.4073974082073433
rs72874541-<b>G</b>,2e-07,bipolar disorder,LINC00698,3:63148173,0.9182636315510851
rs72874541-<b>G</b>,2e-07,bipolar disorder,UBL5P3,3:63148173,0.9182636315510851
rs472913-<b>C</b>,2e-07,bipolar disorder,LINC01748,1:60629886,0.2828418230563003
rs12594483-<b>A</b>,2e-07,bipolar disorder,CDAN1,15:42729788,0.14532068908787515
rs76317718-<b>G</b>,2e-07,bipolar disorder,ARHGEF15,17:8319459,0.983041958041958
rs6066295-<b>A</b>,2e-07,bipolar disorder,LINC01754,20:47381100,0.8140553992642285
rs6066295-<b>A</b>,2e-07,bipolar disorder,ZMYND8,20:47381100,0.8140553992642285
rs329319-<b>A</b>,2e-07,bipolar disorder,JADE2,5:134570919,0.44086247037355536
rs211137-<b>T</b>,2e-07,bipolar disorder,SERGEF,11:18004914,0.4837480148226575
rs10058613-<b>C</b>,2e-07,bipolar i disorder,KDM3B,5:138358306,0.7665087768180552
rs11972012-<b>G</b>,2e-07,bipolar i disorder,MYO1G,7:44946070,0.672725054891437
rs11972012-<b>G</b>,2e-07,bipolar i disorder,PURB,7:44946070,0.672725054891437
rs13231398-<b>G</b>,2e-07,bipolar i disorder,UNKNOWN,7:110557355,0.9343715239154616
"rs12568010-<b>A</b>, rs1125777-<b>C</b>, rs41453448-<b>G</b>",2e-07,bipolar disorder,NFIA; No mapped genes; No mapped genes,1:61366266,0.9220955221965614
rs72761817-<b>G</b>,3e-07,bipolar ii disorder,OXCT1,5:41654144,0.02620593692022264
rs12334475-<b>T</b>,3e-07,bipolar disorder,UNKNOWN,8:142064186,0.03619098867350018
rs62085738-<b>A</b>,3e-07,bipolar disorder,ARIH2P1,18:28736659,0.3037601512960285
rs181957530-<b>C</b>,3e-07,bipolar i disorder,FSTL5,4:161420812,0.0010058231868713603
rs6090435-<b>G</b>,3e-07,bipolar i disorder,EEF1A2,20:63501358,0.5387734278502766
rs6090435-<b>G</b>,3e-07,bipolar i disorder,PPDPF,20:63501358,0.5387734278502766
rs8039223-<b>A</b>,3e-07,bipolar disorder,TUBGCP5,15:23015662,-1.0
rs17395886-<b>C</b>,3e-07,bipolar i disorder,FSTL5,4:161358233,0.8634872842625948
rs6065777-<b>T</b>,3e-07,bipolar i disorder,STK4,20:45041000,0.7167284277395447
rs73222936-<b>A</b>,3e-07,bipolar i disorder,MESTP3,4:28921093,0.050764622418414
rs73222936-<b>A</b>,3e-07,bipolar i disorder,LINC02364,4:28921093,0.050764622418414
rs41350144-<b>T</b>,3e-07,bipolar disorder,NFIA,1:61350127,0.2948902482907521
rs7567409-<b>A</b>,3e-07,bipolar disorder,BABAM2,2:28293404,0.1882799996072386
rs12898460-<b>C</b>,3e-07,bipolar disorder,LINC02694,15:38694612,0.734893945695443
chr2_181742430_D-<b>?</b>,3e-07,bipolar i disorder,UNKNOWN,2:181742430,-1.0
rs12754946-<b>T</b>,3e-07,bipolar i disorder,AK5,1:77524238,0.6334282542593754
rs63722863-<b>G</b>,3e-07,bipolar disorder,KIF15,3:44780094,-1.0
rs10994397-<b>T</b>,3e-07,bipolar disorder,ANK3,10:60519366,0.0750350120950874
rs17746001-<b>T</b>,3e-07,bipolar disorder,UNKNOWN,4:179734472,0.055035208860326784
rs12899449-<b>?</b>,4e-07,bipolar disorder,LINC02694,15:38703290,-1.0
rs17679321-<b>A</b>,4e-07,bipolar disorder,PEBP4,8:22916776,0.040449554588771496
rs185880008-<b>T</b>,4e-07,bipolar disorder,CPNE8,12:38807668,0.9359071274298056
rs12833856-<b>G</b>,4e-07,bipolar disorder,RPL29P25,12:110824378,0.3302984319676277
rs12833856-<b>G</b>,4e-07,bipolar disorder,PPP1CC,12:110824378,0.3302984319676277
rs78089757-<b>A</b>,4e-07,bipolar disorder,RPS27P18,10:125424260,0.0076081292339760295
"rs7556462-<b>C</b>, rs4915737-<b>C</b>",4e-07,bipolar disorder,NFIA; No mapped genes,1:61356147,0.4598309473042949
rs2205829-<b>G</b>,4e-07,bipolar disorder,ZNF184,6:27512448,0.4624727850902948
rs2205829-<b>G</b>,4e-07,bipolar disorder,HNRNPA1P1,6:27512448,0.4624727850902948
rs4245147-<b>C</b>,4e-07,bipolar disorder,DRD2,11:113447285,0.48547701195538795
rs66752127-<b>G</b>,4e-07,bipolar disorder,PDE3B,11:14767417,-1.0
rs1477143-<b>T</b>,4e-07,bipolar disorder,HLF,17:55258467,0.251576514100786
rs1477143-<b>T</b>,4e-07,bipolar disorder,STXBP4,17:55258467,0.251576514100786
chr17_49345320_D-<b>?</b>,4e-07,bipolar disorder,UNKNOWN,1:49345320,-1.0
rs73496688-<b>A</b>,4e-07,bipolar disorder,TENM4,11:79445704,0.14489147697194282
rs3931398-<b>A</b>,4e-07,bipolar disorder,MAD1L1,7:1991957,-1.0
"rs7556462-<b>C</b>, rs17121983-<b>C</b>",4e-07,bipolar disorder,NFIA; No mapped genes,1:61356147,0.4598309473042949
rs1331621-<b>T</b>,4e-07,bipolar i disorder,BRINP1,9:119412084,0.3679863481228669
rs546671-<b>A</b>,4e-07,bipolar i disorder,LINC01748,1:60628168,0.4510800508259212
rs56158970-<b>G</b>,4e-07,bipolar i disorder,LINC01392,7:115282097,0.011100687929956223
rs35755081-<b>A</b>,4e-07,bipolar i disorder,RNU4-74P,7:141068359,0.4251539043093207
rs35755081-<b>A</b>,4e-07,bipolar i disorder,TMEM178B,7:141068359,0.4251539043093207
rs60960031-<b>G</b>,4e-07,bipolar i disorder,NUTF2P8,2:21307787,0.6617045454545455
rs1842329-<b>T</b>,4e-07,bipolar disorder,UNKNOWN,12:98170438,0.3676986835689907
chr11_47580062_D-<b>?</b>,5e-07,bipolar disorder,UNKNOWN,1:47580062,-1.0
rs12938916-<b>?</b>,5e-07,bipolar disorder,RN7SKP94,17:57788926,-1.0
rs12938916-<b>?</b>,5e-07,bipolar disorder,CCDC182,17:57788926,-1.0
rs7222752-<b>G</b>,5e-07,bipolar disorder,NPTX1,17:80489926,0.1336199629067611
rs7222752-<b>G</b>,5e-07,bipolar disorder,RPL32P31,17:80489926,0.1336199629067611
rs9393813-<b>A</b>,5e-07,bipolar disorder,ZNF204P,6:27363817,0.3645833333333333
rs9393813-<b>A</b>,5e-07,bipolar disorder,ZNF391,6:27363817,0.3645833333333333
rs2709736-<b>G</b>,5e-07,bipolar disorder,SP8,7:20822683,-1.0
rs2709736-<b>G</b>,5e-07,bipolar disorder,RPL23P8,7:20822683,-1.0
rs7314975-<b>A</b>,5e-07,bipolar i disorder,DHH,12:49083734,-1.0
rs7314975-<b>A</b>,5e-07,bipolar i disorder,RHEBL1,12:49083734,-1.0
rs8047469-<b>G</b>,5e-07,bipolar i disorder,PRSS36,16:31140200,0.9840632173759492
rs78381888-<b>A</b>,5e-07,bipolar i disorder,ANKRD23,2:96835038,0.839565594663485
rs78381888-<b>A</b>,5e-07,bipolar i disorder,CNNM3,2:96835038,0.839565594663485
rs78014668-<b>C</b>,5e-07,bipolar i disorder,MAPK8IP1,11:45892443,0.02515979081929111
rs72966520-<b>C</b>,6e-07,bipolar disorder,TLCD4-RWDD3,1:95142777,0.9154579142403388
rs72966520-<b>C</b>,6e-07,bipolar disorder,TLCD4,1:95142777,0.9154579142403388
rs114034759-<b>A</b>,6e-07,bipolar disorder,MKLN1,7:131128204,0.07765124555160142
rs1948223-<b>C</b>,6e-07,bipolar i disorder,LINC01378,4:117624232,0.33973447649876426
rs3026433-<b>G</b>,6e-07,bipolar i disorder,ATP2A2,12:110281387,0.10821433250360278
rs8067817-<b>T</b>,6e-07,bipolar disorder,PSMD3,17:40007683,0.5643752798925212
rs8067817-<b>T</b>,6e-07,bipolar disorder,CSF3,17:40007683,0.5643752798925212
rs5754941-<b>C</b>,6e-07,bipolar disorder,MAPK1,22:21747706,0.5722504978977649
rs5754941-<b>C</b>,6e-07,bipolar disorder,YPEL1,22:21747706,0.5722504978977649
rs11709009-<b>A</b>,6e-07,bipolar disorder,VIPR1,3:42473630,0.06962873609435732
rs11709009-<b>A</b>,6e-07,bipolar disorder,RPL35AP8,3:42473630,0.06962873609435732
rs35425515-<b>C</b>,7e-07,bipolar disorder,SLIT1,10:97119904,0.11524277811923785
rs514636-<b>?</b>,7e-07,bipolar disorder,LAMP3,3:183152648,-1.0
rs186197500-<b>A</b>,7e-07,bipolar disorder,RASAL2,1:178131084,0.005510534846029173
rs10878840-<b>G</b>,7e-07,bipolar disorder,LINC02384,12:68487269,0.383676161757579
rs10878840-<b>G</b>,7e-07,bipolar disorder,RPSAP12,12:68487269,0.383676161757579
rs147650109-<b>G</b>,7e-07,bipolar ii disorder,ADGRE1,19:6908884,0.020063525674960298
rs2333194-<b>?</b>,7e-07,bipolar disorder,NUMB,14:73300506,-1.0
rs7613933-<b>G</b>,7e-07,bipolar i disorder,WDR49,3:167586401,0.4791178299765584
rs7914868-<b>?</b>,7e-07,bipolar i disorder,CUBN,10:16931723,-1.0
rs778433-<b>A</b>,7e-07,bipolar disorder,LGMNP1,13:65233151,0.4256173698651927
rs778433-<b>A</b>,7e-07,bipolar disorder,STARP1,13:65233151,0.4256173698651927
rs74577022-<b>A</b>,7e-07,bipolar disorder,BICRA,19:47601390,-1.0
rs74577022-<b>A</b>,7e-07,bipolar disorder,RN7SL322P,19:47601390,-1.0
rs116403057-<b>A</b>,7e-07,bipolar disorder,TSBP1-AS1,6:32335895,-1.0
rs116403057-<b>A</b>,7e-07,bipolar disorder,TSBP1,6:32335895,-1.0
rs6079463-<b>G</b>,8e-07,bipolar i disorder,MACROD2,20:14495111,0.2319551506657323
rs998817-<b>T</b>,8e-07,bipolar i disorder,LINC01378,4:117548415,0.5393210309117807
rs115858175-<b>G</b>,8e-07,bipolar i disorder,LINC01221,1:199032122,-1.0
rs111998037-<b>C</b>,8e-07,bipolar i disorder,ANKHD1-EIF4EBP3,5:140418422,0.2148724600086468
rs111998037-<b>C</b>,8e-07,bipolar i disorder,ANKHD1,5:140418422,0.2148724600086468
rs9521159-<b>G</b>,8e-07,bipolar i disorder,MYO16,13:109076822,0.5898283122772918
rs907162-<b>C</b>,8e-07,bipolar disorder,ASAP2,2:9270500,0.3739015352038115
rs13411201-<b>A</b>,8e-07,bipolar disorder,IFITM3P9,2:60680195,0.14257975716462665
rs13411201-<b>A</b>,8e-07,bipolar disorder,RN7SL361P,2:60680195,0.14257975716462665
rs2956395-<b>C</b>,8e-07,bipolar disorder,MYRF-AS1,11:61752514,0.8284306405853367
rs17680579-<b>A</b>,8e-07,bipolar disorder,LAMA4-AS1,6:112269480,0.8758422930894911
rs115769866-<b>A</b>,8e-07,bipolar disorder,ZBED9,6:28545105,-1.0
rs115769866-<b>A</b>,8e-07,bipolar disorder,GPX5,6:28545105,-1.0
rs61580878-<b>A</b>,9.000000000000001e-07,bipolar disorder,LINC01643,22:34102046,0.9903137502632132
rs62433108-<b>G</b>,9.000000000000001e-07,bipolar disorder,DCBLD1,6:117483634,0.2342513576415826
rs11917269-<b>G</b>,9.000000000000001e-07,bipolar i disorder,CACNA2D2,3:50443604,0.7791935318800532
rs17040430-<b>T</b>,9.000000000000001e-07,bipolar disorder,CMKLR1,12:108349043,0.05544255063789328
rs17040430-<b>T</b>,9.000000000000001e-07,bipolar disorder,LINC01498,12:108349043,0.05544255063789328
rs6844851-<b>?</b>,9.000000000000001e-07,bipolar disorder,UNKNOWN,4:179766847,-1.0
rs2345964-<b>A</b>,1e-06,bipolar disorder,UNKNOWN,1:163781667,0.4410269984118581
rs2242663-<b>T</b>,1e-06,bipolar disorder,CTSF,11:66567837,0.755741127348643
rs1819204-<b>A</b>,1e-06,bipolar disorder,CUL4A,13:113229001,0.6966649020645844
rs184148144-<b>T</b>,1e-06,bipolar disorder,SLAIN2,4:48443799,0.8071814254859612
rs184148144-<b>T</b>,1e-06,bipolar disorder,SLC10A4,4:48443799,0.8071814254859612
rs143577122-<b>C</b>,1e-06,bipolar disorder,UNKNOWN,7:145943513,0.965450755601876
rs4845399-<b>T</b>,1e-06,bipolar disorder,KCNN3,1:154893617,0.3219237435008665
rs4845399-<b>T</b>,1e-06,bipolar disorder,PMVK,1:154893617,0.3219237435008665
rs35955717-<b>T</b>,1e-06,bipolar disorder,AKAP6,14:32925854,0.8510141922104854
rs35955717-<b>T</b>,1e-06,bipolar disorder,NPAS3,14:32925854,0.8510141922104854
chr1_95580645_I-<b>?</b>,1e-06,bipolar disorder,UNKNOWN,1:95580645,-1.0
rs206949-<b>A</b>,1e-06,bipolar disorder,COX6A1,12:120384246,0.2634226411098168
rs206949-<b>A</b>,1e-06,bipolar disorder,RPS27P25,12:120384246,0.2634226411098168
rs6529693-<b>G</b>,1e-06,bipolar disorder,HUWE1,X:53707621,0.6211663066954644
rs976498-<b>T</b>,1e-06,bipolar disorder,PPIAP48,16:64687040,0.8196225253872192
rs3911862-<b>A</b>,1e-06,bipolar disorder,RPS15AP15,2:65532537,0.4676943584735081
rs3911862-<b>A</b>,1e-06,bipolar disorder,RN7SL635P,2:65532537,0.4676943584735081
rs12153740-<b>C</b>,1e-06,bipolar disorder,LINC01470,5:152697204,-1.0
chr12_110877946_I-<b>?</b>,1e-06,bipolar disorder,UNKNOWN,1:110877946,-1.0
rs142370491-<b>C</b>,1e-06,bipolar disorder,AKAP6,14:32749087,0.0077414360363847485
rs11710433-<b>?</b>,1e-06,bipolar disorder,UNKNOWN,3:5663365,-1.0
rs914715-<b>?</b>,1e-06,bipolar disorder,TLE4,9:79695983,-1.0
rs12618769-<b>T</b>,1e-06,bipolar disorder,MGAT4A,2:98623468,0.16150526623756584
rs62009532-<b>A</b>,1e-06,bipolar disorder,TUBGCP5,15:22996158,-1.0
rs2070615-<b>G</b>,1e-06,bipolar disorder,CACNB3,12:48824388,0.5825529578920176
rs10134944-<b>?</b>,1e-06,bipolar disorder,SLC35F4,14:57652478,-1.0
rs7858026-<b>T</b>,1e-06,bipolar i disorder,ASTN2,9:117186184,0.5060878771836951
rs3761218-<b>?</b>,1e-06,bipolar disorder,CDC25B,20:3795528,-1.0
rs143685090-<b>C</b>,1e-06,bipolar i disorder,RPSAP74,8:89152810,0.0011433322939403384
rs10168049-<b>G</b>,1e-06,bipolar disorder,CLASP1,2:121320830,0.10312334568554793
rs10168049-<b>G</b>,1e-06,bipolar disorder,RPS17P7,2:121320830,0.10312334568554793
rs62002181-<b>C</b>,2e-06,bipolar disorder,KRT8P2,14:43505794,0.060390984933383136
rs13006127-<b>C</b>,2e-06,bipolar disorder,CERS6,2:168535393,0.5878547579298832
rs4906364-<b>G</b>,2e-06,bipolar disorder,PPP1R13B,14:103748005,0.3161564440570868
rs2111504-<b>T</b>,2e-06,bipolar disorder,DPY19L3,19:32426549,0.832048118445404
rs2989476-<b>?</b>,2e-06,bipolar disorder,LINC01748,1:60593587,-1.0
rs10122788-<b>G</b>,2e-06,bipolar disorder,MVB12B,9:126444553,0.4490807625846293
rs77626951-<b>G</b>,2e-06,bipolar disorder,LINC02149,5:15113630,0.0032616832424339644
rs2245641-<b>?</b>,2e-06,bipolar disorder,TTC39B,9:15309930,-1.0
rs2245641-<b>?</b>,2e-06,bipolar disorder,RPL7P33,9:15309930,-1.0
rs5990908-<b>C</b>,2e-06,bipolar disorder,UNKNOWN,X:20638387,0.8909287257019438
rs181957530-<b>?</b>,2e-06,bipolar disorder,FSTL5,4:161420812,-1.0
rs11622475-<b>?</b>,2e-06,bipolar disorder,TDRD9,14:104042739,-1.0
rs6714647-<b>A</b>,2e-06,bipolar disorder,LYARP1,2:82237883,0.8944566813509545
rs814197-<b>G</b>,2e-06,bipolar disorder,LINC01748,1:60626784,0.4585272958104105
rs10136228-<b>G</b>,2e-06,bipolar disorder,SLC8A3,14:70118552,0.482881928349116
rs28627084-<b>C</b>,2e-06,bipolar disorder,INSYN1,15:73731297,0.8493615865254007
rs28627084-<b>C</b>,2e-06,bipolar disorder,CD276,15:73731297,0.8493615865254007
rs10860416-<b>G</b>,2e-06,bipolar disorder,ANKS1B,12:99298229,0.30449160369020545
rs6902652-<b>G</b>,2e-06,bipolar disorder,OFCC1,6:10167324,0.9772705383800444
rs56397913-<b>C</b>,2e-06,bipolar disorder,TMEM131,2:97983036,0.9271042879830598
rs191580074-<b>A</b>,2e-06,bipolar disorder,RNA5SP149,3:180084126,0.02631578947368421
rs191580074-<b>A</b>,2e-06,bipolar disorder,PEX5L,3:180084126,0.02631578947368421
rs76420936-<b>A</b>,2e-06,bipolar disorder,KCNN2,5:114086246,0.012677081954190388
rs115462819-<b>C</b>,2e-06,bipolar disorder,RNU6-239P,1:154293485,0.9800416883793642
rs115462819-<b>C</b>,2e-06,bipolar disorder,HAX1,1:154293485,0.9800416883793642
rs4627791-<b>?</b>,2e-06,bipolar disorder,CMTM8,3:32306332,-1.0
rs1375144-<b>?</b>,2e-06,bipolar disorder,DPP10,2:115483610,-1.0
rs1568889-<b>?</b>,2e-06,bipolar disorder,HSP90AA2P,11:27987916,-1.0
rs1568889-<b>?</b>,2e-06,bipolar disorder,KIF18A,11:27987916,-1.0
rs75580062-<b>T</b>,2e-06,bipolar disorder,CFAP221,2:119565915,0.008382936507936508
rs1344484-<b>?</b>,2e-06,bipolar disorder,PHBP21,16:52878387,-1.0
rs3004668-<b>G</b>,2e-06,bipolar disorder,IL9RP1,9:138141056,0.4988366397256919
rs8099939-<b>T</b>,2e-06,bipolar disorder,GRIK5,19:42016956,0.4747208480565371
rs7250872-<b>T</b>,2e-06,bipolar disorder,ATP8B3,19:1811604,0.3085920311147071
rs736408-<b>C</b>,2e-06,bipolar disorder,ITIH3,3:52801338,0.6254552273422619
rs7247513-<b>?</b>,2e-06,bipolar disorder,ZNF490,19:12580371,-1.0
rs4450798-<b>T</b>,2e-06,bipolar disorder,LINC00620,3:13695501,0.18269665096470286
rs17197037-<b>A</b>,2e-06,bipolar disorder,HNRNPC,14:21257495,0.4009477267270236
rs6746896-<b>A</b>,2e-06,bipolar disorder,UNKNOWN,Mapping not available,0.7031384715149996
rs10865974-<b>?</b>,2e-06,bipolar disorder,PBRM1,3:52684264,-1.0
rs10865974-<b>?</b>,2e-06,bipolar disorder,GNL3,3:52684264,-1.0
rs3845817-<b>T</b>,2e-06,bipolar disorder,RPS15AP15,2:65531391,0.40005394049511694
rs3845817-<b>T</b>,2e-06,bipolar disorder,RN7SL635P,2:65531391,0.40005394049511694
rs11773966-<b>A</b>,2e-06,bipolar disorder,ATP6V1H,8:53642640,0.01341074915219402
rs7041940-<b>?</b>,3e-06,bipolar disorder,GARNL3,9:127347467,-1.0
rs7570682-<b>?</b>,3e-06,bipolar disorder,TCF23,2:104366809,-1.0
rs7570682-<b>?</b>,3e-06,bipolar disorder,AHCYP3,2:104366809,-1.0
rs2314398-<b>?</b>,3e-06,bipolar disorder,CNNM4,2:96747751,-1.0
rs2314398-<b>?</b>,3e-06,bipolar disorder,LMAN2L,2:96747751,-1.0
rs3744728-<b>C</b>,3e-06,bipolar disorder,WSCD1,17:6190631,0.07548967707781895
rs3744728-<b>C</b>,3e-06,bipolar disorder,RNU6-1264P,17:6190631,0.07548967707781895
rs12912251-<b>G</b>,3e-06,bipolar disorder,LINC02694,15:38694167,0.7091270489571421
rs2860031-<b>?</b>,3e-06,bipolar disorder,LINC01648,1:30052867,-1.0
rs7578035-<b>G</b>,3e-06,bipolar disorder,LINC02611,2:98766429,0.4787151382896064
rs6122972-<b>A</b>,3e-06,bipolar disorder,PARD6B,20:50758705,0.8202840794837577
rs6122972-<b>A</b>,3e-06,bipolar disorder,BCAS4,20:50758705,0.8202840794837577
rs2989476-<b>C</b>,3e-06,bipolar disorder,LINC01748,1:60593587,0.4341364985163205
rs4660531-<b>T</b>,3e-06,bipolar disorder,FOXO6,1:41374150,0.3322856156117701
rs2287921-<b>C</b>,3e-06,bipolar disorder,RASIP1,19:48725015,0.4835548201095208
rs140643378-<b>G</b>,3e-06,bipolar disorder,PABPC1L2B,X:73035874,-1.0
rs140643378-<b>G</b>,3e-06,bipolar disorder,PABPC1L2A,X:73035874,-1.0
rs59811079-<b>G</b>,3e-06,bipolar disorder,DLGAP2,8:1677566,0.7689652269091521
chr7_131863813_D-<b>?</b>,3e-06,bipolar disorder,UNKNOWN,7:131863813,-1.0
chr10_116615129_I-<b>?</b>,3e-06,bipolar disorder,UNKNOWN,1:116615129,-1.0
rs17073012-<b>G</b>,3e-06,bipolar disorder,FYN,6:111858435,0.13091221695970934
rs190905111-<b>A</b>,3e-06,bipolar disorder,SEMG1,20:45212068,0.9967776584317938
rs190905111-<b>A</b>,3e-06,bipolar disorder,SEMG2,20:45212068,0.9967776584317938
rs78781559-<b>A</b>,3e-06,bipolar disorder,C12orf76,12:110075511,0.07022544700699664
rs78781559-<b>A</b>,3e-06,bipolar disorder,IFT81,12:110075511,0.07022544700699664
rs4938784-<b>T</b>,3e-06,bipolar disorder,LAYN,11:111542740,0.32437792635302304
rs56662938-<b>A</b>,3e-06,bipolar disorder,TNKS,8:9836046,0.13795659078877712
rs56662938-<b>A</b>,3e-06,bipolar disorder,MIR124-1HG,8:9836046,0.13795659078877712
chr20_33361359_I-<b>?</b>,3e-06,bipolar disorder,UNKNOWN,2:33361359,-1.0
rs68093531-<b>C</b>,3e-06,bipolar disorder,SLAMF9,1:159954778,0.8802172977624785
rs68093531-<b>C</b>,3e-06,bipolar disorder,LINC01133,1:159954778,0.8802172977624785
rs142204301-<b>A</b>,3e-06,bipolar disorder,LINC01203,X:13358691,0.012008501594048884
rs79032349-<b>T</b>,3e-06,bipolar disorder,HIVEP2,6:142872951,0.9729949874686716
rs72734311-<b>A</b>,3e-06,bipolar disorder,TLE4,9:79664433,0.059979155810317875
rs4027132-<b>?</b>,3e-06,bipolar disorder,MIR3681HG,2:11897366,-1.0
rs4130590-<b>?</b>,3e-06,bipolar disorder,GARNL3,9:127345685,-1.0
rs13409348-<b>G</b>,3e-06,bipolar disorder,CTNNA2,2:79312862,0.7474854420328216
rs6733011-<b>G</b>,3e-06,bipolar disorder,CRACDL,2:98849039,0.5494377522737572
rs17099448-<b>?</b>,3e-06,bipolar disorder,TPI1P1,1:76682734,-1.0
rs17099448-<b>?</b>,3e-06,bipolar disorder,ST6GALNAC3,1:76682734,-1.0
rs12468729-<b>G</b>,4e-06,bipolar disorder,SLC4A10,2:161476919,0.604807063440157
rs436129-<b>G</b>,4e-06,bipolar disorder,VAV3-AS1,1:107969525,0.8004620759607799
rs16966460-<b>?</b>,4e-06,bipolar disorder,SPRED1,15:38219782,-1.0
rs4739466-<b>?</b>,4e-06,bipolar disorder,SMARCE1P4,8:37084024,-1.0
rs77516904-<b>G</b>,4e-06,bipolar disorder,NRF1,7:129627460,0.0347273689782954
rs58377812-<b>T</b>,4e-06,bipolar disorder,KPNA4,3:160530034,0.053839599531366494
rs113123846-<b>G</b>,4e-06,bipolar disorder,LINC00970,1:168967834,0.008547008547008548
rs78785751-<b>C</b>,4e-06,bipolar disorder,SRPK2,7:105230141,0.02465496015032722
rs17082664-<b>?</b>,4e-06,bipolar disorder,SYNE1,6:152417619,-1.0
rs16966460-<b>G</b>,4e-06,bipolar disorder,SPRED1,15:38219782,0.10275064779748852
rs12290811-<b>?</b>,4e-06,bipolar disorder,TENM4,11:79372576,-1.0
chr12_49463279_D-<b>?</b>,4e-06,bipolar disorder,UNKNOWN,1:49463279,-1.0
rs6458307-<b>?</b>,4e-06,bipolar disorder,BICRAL,6:42763377,-1.0
rs1889339-<b>G</b>,4e-06,bipolar disorder,WNK2,9:93291646,0.21638307021315809
rs216345-<b>?</b>,4e-06,bipolar disorder,UBE2R2-AS1,9:33799372,-1.0
rs4380451-<b>?</b>,4e-06,bipolar disorder,CMTM8,3:32288005,-1.0
rs2537859-<b>T</b>,4e-06,bipolar disorder,KIT,4:54616651,0.4354024890463317
rs2537859-<b>T</b>,4e-06,bipolar disorder,LINC02260,4:54616651,0.4354024890463317
rs17082664-<b>G</b>,4e-06,bipolar disorder,SYNE1,6:152417619,0.07410207939508506
rs3934861-<b>?</b>,4e-06,bipolar disorder,MYOM3,1:24105466,-1.0
rs216345-<b>T</b>,4e-06,bipolar disorder,UBE2R2-AS1,9:33799372,0.3833415024670784
rs7210415-<b>G</b>,4e-06,bipolar disorder,KCTD2,17:75041773,0.37647554806070826
rs7210415-<b>G</b>,4e-06,bipolar disorder,ATP5PD,17:75041773,0.37647554806070826
rs7210415-<b>G</b>,4e-06,bipolar disorder,RN7SL573P,17:75041773,0.37647554806070826
rs2176528-<b>C</b>,4e-06,bipolar disorder,UNKNOWN,2:194007459,0.7246430111345017
rs6574988-<b>?</b>,4e-06,bipolar disorder,LINC01146,14:88093648,-1.0
rs17622252-<b>?</b>,4e-06,bipolar disorder,CDKAL1,6:21331676,-1.0
rs17730333-<b>G</b>,4e-06,bipolar disorder,RNA5SP272,8:88364075,0.010265763418447107
rs17730333-<b>G</b>,4e-06,bipolar disorder,MMP16,8:88364075,0.010265763418447107
rs11720452-<b>?</b>,5e-06,bipolar disorder,SGO1-AS1,3:21207150,-1.0
rs683395-<b>G</b>,5e-06,bipolar disorder,LAMP3,3:183152030,0.0983046946916232
rs12436436-<b>C</b>,5e-06,bipolar disorder,LINC00596,14:23912306,0.09503384118318804
rs2287375-<b>?</b>,5e-06,bipolar disorder,TMEM63C,14:77218499,-1.0
rs3750552-<b>?</b>,5e-06,bipolar disorder,FAM189A2,9:69328086,-1.0
rs10237317-<b>?</b>,5e-06,bipolar disorder,AUTS2,7:70580955,-1.0
rs3821396-<b>A</b>,5e-06,bipolar disorder,ZNF385D,3:21664877,0.11144281688396147
rs2117096-<b>T</b>,5e-06,bipolar disorder,MIR378C,10:130881981,0.7409417264985807
rs7015455-<b>C</b>,5e-06,bipolar disorder,MSRA,8:10367649,0.5732743483689714
rs75677206-<b>C</b>,5e-06,bipolar disorder,IL12A-AS1,3:160083194,0.018422445738485973
rs307660-<b>?</b>,5e-06,bipolar disorder,UBAP2,9:33942932,-1.0
rs2962370-<b>G</b>,5e-06,bipolar disorder,BASP1-AS1,5:17215335,0.4463208685162847
rs2962370-<b>G</b>,5e-06,bipolar disorder,BASP1,5:17215335,0.4463208685162847
rs1775715-<b>G</b>,5e-06,bipolar disorder,KIF5B,10:32020077,0.5051727315708917
rs10255295-<b>G</b>,5e-06,bipolar disorder,RCC2P3,7:138174020,0.11945550725078286
rs10255295-<b>G</b>,5e-06,bipolar disorder,Y_RNA,7:138174020,0.11945550725078286
rs9359856-<b>?</b>,5e-06,bipolar disorder,LYRM2,6:89598266,-1.0
rs9359856-<b>?</b>,5e-06,bipolar disorder,ANKRD6,6:89598266,-1.0
rs8015959-<b>T</b>,5e-06,bipolar disorder,NPAS3,14:33011716,0.03666949226856859
rs17600642-<b>?</b>,5e-06,bipolar disorder,ADAMTS14,10:70703238,-1.0
rs12933065-<b>T</b>,5e-06,bipolar disorder,CMTR2,16:71347976,0.6132498217741115
rs12933065-<b>T</b>,5e-06,bipolar disorder,CALB2,16:71347976,0.6132498217741115
rs7427021-<b>G</b>,5e-06,bipolar disorder,UNKNOWN,3:164044176,0.4625245737436557
rs10492859-<b>A</b>,5e-06,bipolar disorder,CDH13,16:82828209,0.7885112819640732
rs188076915-<b>G</b>,5e-06,bipolar disorder,AIFM1,X:130151035,0.006349901467046201
rs7707252-<b>G</b>,5e-06,bipolar disorder,Y_RNA,5:79544787,0.2681460705829293
rs11162556-<b>A</b>,5e-06,bipolar disorder,ADGRL4,1:78795698,0.6644095030414323
rs3821396-<b>?</b>,5e-06,bipolar disorder,ZNF385D,3:21664877,-1.0
rs289585-<b>?</b>,5e-06,bipolar disorder,DLC1,8:13403027,-1.0
rs6829845-<b>A</b>,5e-06,bipolar disorder,IL21,4:122589611,0.2629510825982357
rs271738-<b>A</b>,5e-06,bipolar disorder,LINC01354,1:234527144,0.4946505901333107
rs271738-<b>A</b>,5e-06,bipolar disorder,TARBP1,1:234527144,0.4946505901333107
rs12436436-<b>?</b>,5e-06,bipolar disorder,LINC00596,14:23912306,-1.0
rs12730292-<b>C</b>,5e-06,bipolar disorder,UNKNOWN,1:78789077,0.6754585795306234
rs942516-<b>A</b>,5e-06,bipolar disorder,BRINP1,9:119363076,0.14502662546841102
rs7581349-<b>G</b>,5e-06,bipolar disorder,LINC02611,2:98773244,0.4914198827021939
rs1013191-<b>T</b>,5e-06,bipolar disorder,LINC02096,17:15025416,0.4172578083642139
rs1013191-<b>T</b>,5e-06,bipolar disorder,CDRT7,17:15025416,0.4172578083642139
chr2_186025770_D-<b>?</b>,5e-06,bipolar disorder,UNKNOWN,2:186025770,-1.0
rs3843751-<b>T</b>,5e-06,bipolar disorder,SLC44A2,19:10637445,0.7262958280657396
rs7042161-<b>?</b>,6e-06,bipolar disorder,SVEP1,9:110434983,-1.0
rs1948368-<b>?</b>,6e-06,bipolar disorder,LINC01307,1:101472921,-1.0
rs1419103-<b>?</b>,6e-06,bipolar disorder,LINC01307,1:101475100,-1.0
rs2278702-<b>?</b>,6e-06,bipolar disorder,LINC00927,15:80402580,-1.0
rs2278702-<b>?</b>,6e-06,bipolar disorder,ARNT2,15:80402580,-1.0
rs2953174-<b>?</b>,6e-06,bipolar disorder,CAPN10-DT,2:240582850,-1.0
rs544368-<b>T</b>,6e-06,bipolar disorder,SIAE,11:124668099,0.11937884935345455
rs544368-<b>?</b>,6e-06,bipolar disorder,SIAE,11:124668099,-1.0
rs10005422-<b>T</b>,6e-06,bipolar disorder,LINC02264,4:117740497,0.4849442379182156
rs10005422-<b>T</b>,6e-06,bipolar disorder,LINC01378,4:117740497,0.4849442379182156
rs2905072-<b>A</b>,6e-06,bipolar disorder,GFI1B,9:132969648,0.7955581275411684
chr6_18802039_I-<b>?</b>,6e-06,bipolar disorder,UNKNOWN,6:18802039,-1.0
rs8066384-<b>C</b>,6e-06,bipolar disorder,RPTOR,17:80651956,0.6630157921548651
rs189574365-<b>A</b>,6e-06,bipolar disorder,GNA14,9:77685834,0.013822894168466522
rs189574365-<b>A</b>,6e-06,bipolar disorder,GNAQ,9:77685834,0.013822894168466522
rs7971456-<b>C</b>,6e-06,bipolar disorder,WSCD2,12:108202622,0.44065643197458976
rs12392936-<b>A</b>,6e-06,bipolar disorder,RNU6-133P,X:21304805,1.0
rs12392936-<b>A</b>,6e-06,bipolar disorder,CNKSR2,X:21304805,1.0
rs8040009-<b>C</b>,6e-06,bipolar disorder,C15orf32,15:92501109,0.1862277240977423
rs72673100-<b>C</b>,6e-06,bipolar disorder,LINC00641,14:21205210,0.5491659635230739
chr6_84351889_I-<b>?</b>,6e-06,bipolar disorder,UNKNOWN,6:84351889,-1.0
rs6990255-<b>T</b>,6e-06,bipolar disorder,PPP1R3B,8:34269430,0.048947371735529904
rs6990255-<b>T</b>,6e-06,bipolar disorder,RPL10AP3,8:34269430,0.048947371735529904
rs142920219-<b>C</b>,6e-06,bipolar disorder,CAMK1D,10:12489159,0.9388565378507148
rs74680417-<b>T</b>,6e-06,bipolar disorder,TTC39B,9:15216096,0.11048173636844892
rs77015885-<b>A</b>,7.000000000000001e-06,bipolar disorder,LINC02751,11:15509462,0.04053398058252427
rs3761218-<b>C</b>,7.000000000000001e-06,bipolar disorder,CDC25B,20:3795528,0.3921954703121812
rs7226677-<b>G</b>,7.000000000000001e-06,bipolar disorder,COLEC12,18:278796,0.1508956034014836
rs7226677-<b>G</b>,7.000000000000001e-06,bipolar disorder,THOC1-DT,18:278796,0.1508956034014836
rs117450257-<b>G</b>,7.000000000000001e-06,bipolar disorder,SLC12A9,7:100848615,0.04335627316040233
rs117450257-<b>G</b>,7.000000000000001e-06,bipolar disorder,SLC12A9-AS1,7:100848615,0.04335627316040233
rs9995093-<b>?</b>,7.000000000000001e-06,bipolar disorder,PPM1K-DT,4:88299792,-1.0
rs9895770-<b>T</b>,7.000000000000001e-06,bipolar disorder,PRKCA,17:66538700,0.257396053653182
rs1378559-<b>T</b>,7.000000000000001e-06,bipolar disorder,CNKSR2,X:21362148,0.8667296786389413
chr16_60146407_D-<b>?</b>,7.000000000000001e-06,bipolar disorder,UNKNOWN,1:60146407,-1.0
rs1552246-<b>G</b>,7.000000000000001e-06,bipolar disorder,U2,8:109796715,0.5986273620987619
chr12_57483523_I-<b>?</b>,7.000000000000001e-06,bipolar disorder,UNKNOWN,1:57483523,-1.0
rs4467006-<b>?</b>,7.000000000000001e-06,bipolar disorder,TMEM63C,14:77218327,-1.0
rs7307046-<b>G</b>,7.000000000000001e-06,bipolar disorder,HDAC7,12:47784411,0.5797953315290933
rs10134944-<b>T</b>,7.000000000000001e-06,bipolar disorder,SLC35F4,14:57652478,0.1019239942757195
rs1680005-<b>A</b>,7.000000000000001e-06,bipolar disorder,PIM1,6:37206969,0.35213281992298845
rs1680005-<b>A</b>,7.000000000000001e-06,bipolar disorder,TMEM217,6:37206969,0.35213281992298845
rs12617721-<b>C</b>,7.000000000000001e-06,bipolar disorder,INPP4A,2:98467429,0.274135830668494
chr11:108892250-<b>?</b>,7.000000000000001e-06,bipolar disorder,UNKNOWN,1:108892250,-1.0
rs2609653-<b>?</b>,7.000000000000001e-06,bipolar disorder,RPL10AP3,8:34379474,-1.0
rs2953145-<b>C</b>,7.000000000000001e-06,bipolar disorder,RNPEPL1,2:240576179,0.7744421440073614
rs4761053-<b>?</b>,7.000000000000001e-06,bipolar disorder,LINC00508,12:128021656,-1.0
rs4761053-<b>?</b>,7.000000000000001e-06,bipolar disorder,LINC02441,12:128021656,-1.0
rs1601875-<b>?</b>,7.000000000000001e-06,bipolar disorder,SUMF1,3:3617156,-1.0
rs6494849-<b>A</b>,7.000000000000001e-06,bipolar disorder,RNU6-745P,15:70188275,0.1317971156337258
rs6494849-<b>A</b>,7.000000000000001e-06,bipolar disorder,TLE3,15:70188275,0.1317971156337258
rs1906292-<b>T</b>,7.000000000000001e-06,bipolar disorder,LINC02513,4:38371374,0.572664944265408
rs7226677-<b>?</b>,7.000000000000001e-06,bipolar disorder,COLEC12,18:278796,-1.0
rs7226677-<b>?</b>,7.000000000000001e-06,bipolar disorder,THOC1-DT,18:278796,-1.0
rs722667-<b>?</b>,7.000000000000001e-06,bipolar disorder,SEPTIN7P14,4:119514966,-1.0
rs722667-<b>?</b>,7.000000000000001e-06,bipolar disorder,PDE5A,4:119514966,-1.0
rs12677998-<b>G</b>,7.000000000000001e-06,bipolar disorder,LETM2,8:38391683,0.8932429610221944
rs17079247-<b>T</b>,8e-06,bipolar disorder,LINC00375,13:85091744,0.1882544861337684
rs66506713-<b>T</b>,8e-06,bipolar disorder,RPA1,17:1916217,0.3940179461615155
rs66506713-<b>T</b>,8e-06,bipolar disorder,RTN4RL1,17:1916217,0.3940179461615155
rs703965-<b>?</b>,8e-06,bipolar disorder,ZMIZ1,10:79195310,-1.0
rs7550853-<b>C</b>,8e-06,bipolar disorder,SMYD3,1:246455643,0.26509088853536616
rs7897194-<b>?</b>,8e-06,bipolar disorder,MIR4675,10:20503405,-1.0
rs255353-<b>A</b>,8e-06,bipolar disorder,MCTP1,5:94785878,0.35746037881716275
rs73068042-<b>G</b>,8e-06,bipolar disorder,TRANK1,3:36876910,0.9483064095883272
rs16842765-<b>G</b>,8e-06,bipolar disorder,UNKNOWN,2:209292126,0.6809198023565184
rs11622475-<b>C</b>,8e-06,bipolar disorder,TDRD9,14:104042739,0.7149851339817481
rs2286492-<b>?</b>,8e-06,bipolar disorder,FAM126A,7:22945391,-1.0
rs6510489-<b>?</b>,8e-06,bipolar disorder,KRTDAP,19:35482387,-1.0
rs6510489-<b>?</b>,8e-06,bipolar disorder,FFAR2,19:35482387,-1.0
rs1038094-<b>G</b>,9e-06,bipolar disorder,INSYN1,15:73720096,0.8785307390178001
rs1038094-<b>G</b>,9e-06,bipolar disorder,CD276,15:73720096,0.8785307390178001
rs7827290-<b>G</b>,9e-06,bipolar disorder,SLC45A4,8:141290216,0.31472428001110136
rs2289700-<b>A</b>,9e-06,bipolar disorder,CTSH,15:78932341,-1.0
rs312273-<b>?</b>,9e-06,bipolar disorder,CNTN1,12:40853940,-1.0
rs7747960-<b>A</b>,9e-06,bipolar disorder,SYNE1,6:152470339,0.1379486948593555
rs1930961-<b>?</b>,9e-06,bipolar disorder,CRYBB2P1,22:25479298,-1.0
chr7_130876812_D-<b>?</b>,9e-06,bipolar disorder,UNKNOWN,7:130876812,-1.0
rs111930716-<b>A</b>,9e-06,bipolar disorder,LINC01505,9:105992588,0.023875066172578084
rs4770394-<b>A</b>,9e-06,bipolar disorder,HMGA1P6,13:23118839,0.9515680323722812
rs6788153-<b>T</b>,9e-06,bipolar disorder,FGF12,3:192499942,0.9439319887106766
rs10982256-<b>?</b>,9e-06,bipolar disorder,WHRN,9:114498554,-1.0
rs149898505-<b>T</b>,9e-06,bipolar disorder,PHAX,5:126622335,0.964425622022234
rs1035050-<b>T</b>,9e-06,bipolar disorder,NGFR,17:49486650,0.5828858864128209
rs1035050-<b>T</b>,9e-06,bipolar disorder,LINC02075,17:49486650,0.5828858864128209
rs6124684-<b>?</b>,9e-06,bipolar disorder,KCNS1,20:45092852,-1.0
chr15_96034210_I-<b>?</b>,9e-06,bipolar disorder,UNKNOWN,1:96034210,-1.0
